file_sha_a,file_sha_b,similarity,source
00cdc51b3b16983b4ee4bc749eb324acb45264f5,0188e26d755c5ab328ac023bc3089c7fce7e7cfb,0.589,differing
00a5f0f2eca49fa4b3e676f0d1fbd046b1849a6f,018a846459a0d45f75e60bbda5e5976075296112,0.538,differing
018a846459a0d45f75e60bbda5e5976075296112,01ac0d7bc2e2c61a6086097931f97a5b63e1fe10,0.548,differing
0026c686c6bc2672e6036341d5ee06bad2a4857a,019500369d7f6f3932679399a85612c74d32ff36,0.736,differing
0026c686c6bc2672e6036341d5ee06bad2a4857a,01a59e947fbd5666b971f4966550471407d35926,0.667,differing
01120a26b73993c8acb870d784c896d6412cd94f,019500369d7f6f3932679399a85612c74d32ff36,0.624,differing
01120a26b73993c8acb870d784c896d6412cd94f,01a59e947fbd5666b971f4966550471407d35926,0.796,differing
007f37e2a5244bfd0536118a7d0968cdbe6cfe0f,008736fc00e200f7efbd5df346b24fff0a464d18,0.936,differing
0097355413b21b06628f9c0464303bbe179d3f4a,01a4f971ff1585831c066eac58f5015e4d25cc25,0.887,differing
0022c93ff7f75c54f87ced79d5d3339935342944,003f518f937bc77673988c60edd081adbdeb4b51,0.901,differing
0022c93ff7f75c54f87ced79d5d3339935342944,00635498f2915bb2aecfbdfe5a2185a09f367d9e,0.749,differing
003f518f937bc77673988c60edd081adbdeb4b51,00635498f2915bb2aecfbdfe5a2185a09f367d9e,0.743,differing
003f518f937bc77673988c60edd081adbdeb4b51,01444cec7244a3f1218629d0a16de40bd5d4a739,0.765,differing
00635498f2915bb2aecfbdfe5a2185a09f367d9e,01444cec7244a3f1218629d0a16de40bd5d4a739,0.701,differing
008695c2239c7ef3aa4fb1f350443643a08dc087,00b12cf20bb58d9f9ce0774001b7175b2df0db63,0.981,differing
00b12cf20bb58d9f9ce0774001b7175b2df0db63,00e6f65adfb2d9e167d01d850f6a79673047e2b7,0.987,differing
00b12cf20bb58d9f9ce0774001b7175b2df0db63,00f9364c767e7188545dc1269547e8777ffe8a40,0.886,differing
00b12cf20bb58d9f9ce0774001b7175b2df0db63,01483d2613b14de0d0dad862f8851df4c4f8eaf9,0.936,differing
00acd0dc576747edbfccaacff7799bdcad7768ae,0181a2c951f8741b58b0df437757278c3a147796,0.817,random
00f623c23a48c1657fddffdd524847459d9890c0,01abbe971cd71177acc899774394787b9247b32b,0.579,random
01239f10c3bb75cd478fc24f44b9d95125af5ae5,0140e1452831920ad9808caf6f278527404d3ca9,0.968,random
0105b7e7a1b82f1ebd448b5e0eec7876097cc3fc,01067cd4f9b08c8d550518fa849b6fdfec6477bb,0.508,random
009c3ed4ff2c3ad1706c6685baa22ca077ea9599,0169d97c9153550de7004eaeb6800b4cf6d568fc,0.686,random
008695c2239c7ef3aa4fb1f350443643a08dc087,00f9364c767e7188545dc1269547e8777ffe8a40,0.881,random
0045dd1ca6c96da09800300c99e650535f603052,00da345c533d55103cb412402dd4be690fa30ea5,0.531,random
00d330b79151f82a60095f3a4a3b741e6bbe50c6,01a6671ab5f5002734e761c9363d11233d76aee5,0.96,random
00187cea6e59fa3e95a34fbe49323c2abdbcaadb,0161412b5c51b96a77d3eb1cb488f80b823bcd2a,0.639,random
010b9fa70f49ad2a36c5011c99f6fcde61e063da,01a6baaed7eb8a674e44355c7ca4bcd62b68c81c,0.765,random
00e5dac98ff39f46ca3ca6cb0f2699aec746c86d,019b5adc7a4fc16feb8c5e38805aa453aaefabaf,0.855,random
0077766e00fe7ee13ec164799717ee31dad839be,018ff195e3b09a2359664e17b57609cda4bffbf6,0.972,random
00d5471f2c58761e4006bafacd4fb40e9600ec6f,016dfaed60f89dacecf01271db2c47c348990f74,0.536,random
009c3ed4ff2c3ad1706c6685baa22ca077ea9599,00f4c3ae4b8a4d6a8f7b5424d931a4aa65183e5e,0.954,random
00ae201fd7c2d99275a7aaeb40cfdbcbc35a188e,00ca0ebe061b3b7edbab38e94bfa12acc2584973,0.502,random
0078dcd80b2c96326ffacfe27394697eff208153,009f4218e33e632063d616a0e1dd8335880e42e1,0.748,random
0035f6ef3b0912f93ce3968c19c15a571320d738,01043b5cf1f356291e5a92420d5b485bd52b48c1,0.994,random
0136e0870e0d86eb4d5cc0c75705f2e59817d470,01a012ca2d75660521800dac615f08da46f42581,0.874,random
00ff7f5577e1adb7bf3647f05d9bd4d2d31b90ac,014407fbe4e41b7f4ba7291d650225756bc49abc,0.788,random
006c9bcc95713daee65599061ae77e35c106c9fc,0117db806f6c7502249c8f2b9d6047c76a40de42,0.845,random
00d330b79151f82a60095f3a4a3b741e6bbe50c6,010fc4fad2b6f98f94829fa6e3b480e69c792772,0.991,random
009e109a04eb853dd4258c67cae8bd4c7d01a710,00b9681431fdb1b84208b506306f61eb0853846a,0.736,random
00166363efb53ba1afd785bf829d87387f9ac78c,01638978d602da4b1f836557ece15533db5253cb,0.742,random
00076c3cfabfd0e211079180b2cec3477fff432a,01a4e12fdc6477c8a69b54663c0c62a9e84a2627,0.863,random
0036c11c7e1f03d28f0102f87ae939ef12066035,012160bac677f934e127f40b4580b2f768aa33e8,0.945,random
00187cea6e59fa3e95a34fbe49323c2abdbcaadb,01590087ba06d597c67fd90a3c0401ff2c773f7c,0.779,random
008a312a6217f4fdb49e3d1ad01cc08dd80ec43f,019fd068556f8dfc7b5b7d9135a5e08a7621ebc2,0.916,random
0041570b4c912e94dea0fd80329ba85809be1610,00d582a901f85103a65f1cd538262765d92fcd85,0.962,random
013d070ec9e1fe05545a95ef8a7bbcb92aa85bc5,0166f5e067896569f85c2d68d620af176a5f71c0,0.993,random
00aaef61315517ccf9ba46885d1a19c2cbc9f8fe,00c95b267fbb754c43fdb78f3f783775cc40f960,0.731,random
001228042cc9c12a011bdd91d66f502ed06177e4,01590087ba06d597c67fd90a3c0401ff2c773f7c,0.539,random
0064778c50f181738f8e1db4db422518adb0034f,012cd8509587b9bd29019067ed977ab2e3566d56,0.84,random
008695c2239c7ef3aa4fb1f350443643a08dc087,01483d2613b14de0d0dad862f8851df4c4f8eaf9,0.931,random
005335f2df7661708887849f493c0e653274f7ba,0166f5e067896569f85c2d68d620af176a5f71c0,0.993,random
002faafae31b5930998821bdaf5dd0b63477cf47,01410b8ddba944792213bf8bb30a7dbf4ac9acf2,0.665,random
012df6eaf099bf52fda153b5108918fdbf6cb370,01a92b90e12d30150837f0a2acb853cbe2acbd17,0.712,random
0142f4a524f9210a432285a3b6fdf1adab5e6700,017c9b54b97c846ba8485cb152c768b4f4043966,0.981,random
00b69a01d814f04b5ba42ee9e9d152093321be96,00f0362ef85d3b069eba7073455bb8530cf26a0d,0.9,random
0033e47ec148802fb0c4df5b8736d2f7a09ae00a,00a5bfd235aef015299a1732fe9fcd720fb26189,0.972,random
00f8bb7688f188172f852e98ce0a80f21af31e94,0103d75301c474f70ad684703ac71d25958fd707,0.963,random
