file_sha,stratum,rule_ids
01570f1ae5a1d813af27dd2d8f3089e7fd7b46c6,CREDENTIALS,R-SHL-001;R-CRD-001
00ba580d3441a17cc93c5da4b0cb904022640eec,CREDENTIALS,R-NET-001;R-CRD-001;R-CRD-002
0067c2d984987704e79ec14bd2d55ebb44dfcf9b,CREDENTIALS,R-SHL-001;R-DST-001;R-CRD-001;R-CRD-002
012eda01ab668a6f461371cbbd543606d5cf70cd,CREDENTIALS,R-RCE-001;R-NET-001;R-CRD-001
012ce4e12f6594a56f6b86bf68196074fd446e03,CREDENTIALS,R-SHL-001;R-DST-001;R-PRV-002;R-CRD-001;R-TGR-001;R-TGR-002
017f98ab84a380c3edf30b470d1ca43448254a99,CREDENTIALS,R-NET-002;R-PRV-001;R-CRD-001;R-PER-001
0004314a114a096862e9a3a835acdda28b8b1692,CREDENTIALS,R-RCE-001;R-SHL-001;R-NET-001;R-DST-001;R-PRV-003;R-CRD-001;R-CRD-002
00f5ecd39875bea42d3ca1c7ae1c9c3cdb7b9d6d,CREDENTIALS,R-SHL-001;R-CRD-001
01453c2297b7e3af88e29f3d91424d6891fe1240,CREDENTIALS,R-SHL-001;R-CRD-001
0035fe1d82573786ed18d01e5f30ebda01ceec2b,CREDENTIALS,R-SHL-001;R-CRD-001
00652eb326b2a7a67d09bfa0a161a6ab0b4ab885,DESTRUCTIVE,R-DST-001
001e5344cd831468474b8d49437dc9ede02efc52,DESTRUCTIVE,R-SHL-001;R-DST-001
005dc0cb2c08aa3dc10144ee2e291a332219c543,DESTRUCTIVE,R-SHL-001;R-DST-001
000e79c10ed3d61b4c2015b9531e8b4c4abea08a,DESTRUCTIVE,R-SHL-001;R-DST-001
0028d31a7a876a8c253a34f62a0290fe8eee3129,DESTRUCTIVE,R-SHL-001;R-NET-001;R-DST-001;R-PRV-001
00477027e3301176ab85207f28837f9828932bfb,DESTRUCTIVE,R-SHL-001;R-DST-001;R-PRV-003
002b02be65803cd852f813b6b77c1e45c39afafb,DESTRUCTIVE,R-SHL-001;R-NET-001;R-DST-001;R-PRV-001
00ae3b3fc1689a5a8a6c187ed1c50e6c78fb5c8f,DESTRUCTIVE,R-SHL-001;R-DST-001
0036fb0494de2d83b4c38db8e5fee7592ba6eb1c,DESTRUCTIVE,R-DST-001
0044b086eccf3b98fffa6486d769a310a27fd6cd,DESTRUCTIVE,R-SHL-001;R-DST-001
007b5a93ad53dc1b010d6ffbc4169f84e42acb95,DYNAMIC_EXEC,R-NET-001;R-EXE-001
01345cc3135ee8d4cd460b23ef5a5e3b81ca4160,DYNAMIC_EXEC,R-EXE-001
0058b51aff02bee6bf6785c573bacbf8a0dc6162,DYNAMIC_EXEC,R-RCE-001;R-SHL-001;R-NET-001;R-NET-002;R-EXE-001;R-OBF-001
0194dd4f1795cd981a366438a9da281341963d7d,DYNAMIC_EXEC,R-SHL-001;R-TGR-002;R-EXE-001
0085dd75cbfaf6f76e5861096e2373ec3526a83c,DYNAMIC_EXEC,R-EXE-001
005a55cad3182b3563ecdf07c2b1568cc87e38f2,DYNAMIC_EXEC,R-SHL-001;R-NET-001;R-EXE-001
00d08c06fb54aa2f4dbba9872836ab40781cd6e7,DYNAMIC_EXEC,R-SHL-001;R-EXE-001
00b9907e823c1b38356887ca1a87aa83244bc078,DYNAMIC_EXEC,R-SHL-001;R-EXE-001
0027b42bc41bbc83d233ec745dbcd5f72c3743a3,DYNAMIC_EXEC,R-SHL-001;R-NET-001;R-EXE-001
006c9cf761ef0ffdff357c8201533fcaad5b0f5a,DYNAMIC_EXEC,R-EXE-001
01962e498754aa9211ebad91489b037ed99b6d77,EXFIL_ENDPOINT,R-SHL-001;R-EXF-001
00e063fc4ead798d3e611cf6871ba8eaf1a326ce,EXFIL_ENDPOINT,R-SHL-001;R-NET-001;R-EXF-001;R-CRD-002
007c3c15edcb9b6934edd2f6bfc8d28bd18a359e,EXFIL_ENDPOINT,R-NET-001;R-EXF-001;R-CRD-002
011bfc816f400af136ac4237d20172d79476fc0a,EXFIL_ENDPOINT,R-SHL-001;R-NET-001;R-EXF-001;R-PRV-001;R-CRD-002
013e0ce725b42417fb8b7d16ce292a101ebcf042,EXFIL_ENDPOINT,R-SHL-001;R-NET-001;R-EXF-001;R-CRD-002;R-TGR-002
01b065442f611250b8d752ccd0c93b9571ead154,EXFIL_ENDPOINT,R-SHL-001;R-NET-001;R-EXF-001
00a6a4e1278c16f268112b378b4e44bed435737a,EXFIL_ENDPOINT,R-EXF-001
0077b1365b555c819d738c3e9df531b59c57744f,EXFIL_ENDPOINT,R-SHL-001;R-NET-001;R-EXF-001
008542dd354bf706359b901ab6c1e3a7506457d3,NETWORK,R-SHL-001;R-NET-001;R-NET-002;R-CRD-002
00024699e4d03826491317625028f238c14c2acf,NETWORK,R-SHL-001;R-NET-001;R-NET-002
01163b19e79c84930fd023e7f9325727d25fdad7,NETWORK,R-SHL-001;R-NET-001;R-NET-002;R-PRV-001;R-CRD-002
0019b3797f0b5df52eafd190bdc6f55b0445c6cd,NETWORK,R-SHL-001;R-NET-002;R-CRD-002
00e708bf654afde15ef1f3b0b00049fad61463b3,NETWORK,R-SHL-001;R-NET-001;R-NET-002;R-TGR-001;R-TGR-002
018a7039f60727befcd0d2974c5986b5763f9d8d,NETWORK,R-SHL-001;R-NET-001;R-NET-002;R-OBF-001
003f518f937bc77673988c60edd081adbdeb4b51,NETWORK,R-SHL-001;R-NET-001;R-NET-002;R-PRV-003;R-PER-001
015b31aad8a3311d2012e43557c6f989d9b4c5ee,NETWORK,R-SHL-001;R-NET-001;R-NET-002;R-DST-001;R-OVR-001;R-EXE-001
00ace9d57c3d371bd1890eec3125d6f1445db136,NETWORK,R-SHL-001;R-NET-002
003e5a83501939ea7b15469ec67239693ea624b4,OBFUSCATION,R-SHL-001;R-NET-001;R-CRD-002;R-OBF-001
002194ad6704567be98bdd7fa035c5d541000c7c,OBFUSCATION,R-SHL-001;R-CRD-002;R-OBF-001
018a1106dd7b21ce94f3f571769980af930db1b7,OBFUSCATION,R-SHL-001;R-OBF-001
002902fa2e573e91a32607e01eaa642ce18d4b8e,OBFUSCATION,R-SHL-001;R-NET-001;R-PRV-001;R-CRD-002;R-TGR-001;R-TGR-002;R-OBF-001
01618fca1be4a40eed0e73da6fe7a640b4f50aa1,OBFUSCATION,R-SHL-001;R-NET-001;R-PRV-001;R-TGR-001;R-TGR-002;R-OBF-001
0166b05473998bc705c5a82b0195878f5b09eff3,OBFUSCATION,R-SHL-001;R-PRV-003;R-CRD-002;R-OBF-001
002f6408d8ec1d54e8d1e13303637c8462a7e027,OBFUSCATION,R-SHL-001;R-NET-001;R-DST-001;R-OBF-001
0032b004c1f1175e52833c65d87faba53e26a8ff,OBFUSCATION,R-NET-001;R-EXE-001;R-OBF-001
0039127e3b0c4755c70f85e9f35bd271844b75a9,OBFUSCATION,R-SHL-001;R-EXE-001;R-OBF-001
01b150d16b5b0b51cb6ff5f4ac669abd43b266f0,OBFUSCATION,R-SHL-001;R-OBF-001
0069cb965f50c0238e6d9742af544f26471e5817,OVERSIGHT_BYPASS,R-OVR-001
00db746d4cf8e949cc30a991e883e6ec39e429dc,OVERSIGHT_BYPASS,R-SHL-001;R-NET-001;R-PRV-003;R-CRD-002;R-OVR-001;R-PER-001
000afb47313b200a3c6e26a2ab642a71975f7c8b,OVERSIGHT_BYPASS,R-SHL-001;R-OVR-001
007d5239991ef5b5595db7e884f28cfc4eccacf5,OVERSIGHT_BYPASS,R-SHL-001;R-OVR-001
00f496c220edd2ca3e40b26aa721a293fe3ac258,OVERSIGHT_BYPASS,R-SHL-001;R-OVR-001
0140f945da3ad0f2620f1e31c11a566e5081d75c,OVERSIGHT_BYPASS,R-OVR-001
01600fa7c46fec93474821db96e8d68906cafc45,OVERSIGHT_BYPASS,R-SHL-001;R-TGR-001;R-TGR-002;R-OVR-001
01510439087dbf714f1a48883230000290e1776d,OVERSIGHT_BYPASS,R-SHL-001;R-CRD-003;R-TGR-001;R-TGR-002;R-OVR-001
00ecf9cc6e1d53ef50fa77a2126020264b8d9924,OVERSIGHT_BYPASS,R-SHL-001;R-NET-001;R-PRV-002;R-CRD-001;R-OVR-001;R-EXE-001;R-PER-001
009ee53551a8cbd44dff8bffd06b45bcd382b75c,OVERSIGHT_BYPASS,R-SHL-001;R-OVR-001
00ea56ba11ec66e647a61f420937a56025bda0fc,PERSISTENCE,R-PRV-001;R-PER-001
0168dfd5e92fbc7b490598fdc3c5dc74ba1e63b6,PERSISTENCE,R-PER-001
011272af4ea186d6aac29a705b2bb93e0a346b60,PERSISTENCE,R-SHL-001;R-TGR-001;R-TGR-002;R-PER-001
00ffaec6208faf7436da10a0603798709ca4747b,PERSISTENCE,R-RCE-001;R-SHL-001;R-NET-001;R-PRV-003;R-TGR-002;R-PER-001
01137be9c2d14078aebf79a6de5b050ddded64fa,PERSISTENCE,R-SHL-001;R-NET-001;R-PRV-001;R-PER-001
001a3130fa03b7fccaec899cf0bb82fe9cfef54a,PERSISTENCE,R-SHL-001;R-OVR-001;R-PER-001
0034bac287deee6453f505e3c9083196216e5a67,PERSISTENCE,R-SHL-001;R-PER-001
014634f92f1be9eeef0087f4d6d25ecf1613ebaa,PERSISTENCE,R-SHL-001;R-NET-001;R-DST-001;R-PRV-001;R-PRV-003;R-CRD-001;R-PER-001
018e643720d2542286315aafc26dcdab69324515,PERSISTENCE,R-SHL-001;R-NET-001;R-PRV-001;R-CRD-001;R-PER-001
00989bc8116f5af3421805aa37d79b381bb930a5,PERSISTENCE,R-SHL-001;R-PER-001
0138b50a0454dccbae78c9aa666c1773ef003746,PRIVILEGE,R-SHL-001;R-PRV-001
005515f5cb4c8171faeb3ef2aa5eda3979245a1b,PRIVILEGE,R-SHL-001;R-PRV-001
000bf0d8cc78c00c772df3d712a72d34ce017c08,PRIVILEGE,R-SHL-001;R-PRV-001
001466745dc2d62a2c95ac6d011b42c83a8d6d13,PRIVILEGE,R-SHL-001;R-PRV-001
00d01b0936a3bc2ec372e7060db5ae57df67ad6d,PRIVILEGE,R-SHL-001;R-NET-001;R-DST-001;R-PRV-001;R-CRD-002
00caa9c63b64033305b1215c87eb4ec5a1ed4b28,PRIVILEGE,R-SHL-001;R-NET-001;R-DST-001;R-PRV-001;R-PRV-003;R-PER-001
005385ccc93cc7e1f639dd68a937feb50d2eb98e,PRIVILEGE,R-SHL-001;R-PRV-001
01348557947626d0ce55cf7f116ec485a5a7dce6,PRIVILEGE,R-SHL-001;R-NET-001;R-PRV-001;R-CRD-001;R-CRD-002
00972a0049e05e0ea8d8d4e63a371b66f51828f6,PRIVILEGE,R-RCE-001;R-SHL-001;R-NET-001;R-PRV-001;R-PRV-003;R-CRD-001;R-CRD-002;R-EXE-001;R-PER-001
00ea6859ec401daba356d225daae6934a2a1b147,PRIVILEGE,R-SHL-001;R-PRV-001
015df8ab568b16d7ef450e2305073c5dbf6b6957,REMOTE_CODE,R-RCE-001;R-SHL-001;R-NET-001
009af39c2bf0e784b734a3cf94f50fc933dc53aa,REMOTE_CODE,R-RCE-001;R-SHL-001;R-NET-001;R-TGR-002
00ec38e83d812dffa4f8703a75fdd42b74d1e7a1,REMOTE_CODE,R-RCE-002;R-SHL-001;R-PRV-001
00f0552a7806e849169210ee835bc0cc72822c27,REMOTE_CODE,R-RCE-001;R-SHL-001;R-NET-001
006a6819d2017767bda0ead242110d26b999d7e9,REMOTE_CODE,R-RCE-001;R-SHL-001;R-NET-001;R-PRV-001
0063349ac55691bf1ee3dc6201f6423c9f63a67e,REMOTE_CODE,R-RCE-001;R-SHL-001;R-NET-001;R-TGR-001;R-TGR-002
0181eb5b1f83f5e267ccdfc2fafefa76a74af8e7,REMOTE_CODE,R-RCE-001;R-SHL-001;R-NET-001
01b171950767dbc4174a9132af29070417f10c64,REMOTE_CODE,R-RCE-001;R-SHL-001;R-NET-001;R-DST-001;R-CRD-002;R-OVR-001
01ae9236e64f5e17d1814b1c27b6e74d1ffd27f7,REMOTE_CODE,R-RCE-001;R-SHL-001;R-NET-001;R-PRV-001;R-CRD-002
004c35c74a73e6758b585711e39e2a2e58798053,REMOTE_CODE,R-RCE-001;R-SHL-001;R-NET-001;R-DST-001;R-PRV-002
01369250537c50aa5502537dc00c32597b990bd4,TOOL_GRANT,R-TGR-001;R-TGR-002
00d25df89d76a986feec0dc9699bbc8ceea6eba7,TOOL_GRANT,R-TGR-001;R-TGR-002
00fa4a5504db1f8e1f68f041faa1487d194a5ee4,TOOL_GRANT,R-TGR-001;R-TGR-002
00da80fbb97b9679cba1aabaf7cbe617f0ccc239,TOOL_GRANT,R-TGR-001;R-TGR-002
002a73e0e64cd23de788acb5553a7edb292c6478,TOOL_GRANT,R-SHL-001;R-NET-001;R-CRD-002;R-TGR-001;R-TGR-002
00297fdffe77365da3e85b7a6fa06090550d6ee8,TOOL_GRANT,R-TGR-001;R-TGR-002
00eb2c5a24ade57d375ab2f81ed77262b85c9771,TOOL_GRANT,R-SHL-001;R-TGR-001;R-TGR-002
0020b759b0aa0ece8a11450d55dcd1526ee2cf54,TOOL_GRANT,R-TGR-001;R-TGR-002
00ba3593e2794a175ca0282c122f0cee16116a63,TOOL_GRANT,R-SHL-001;R-CRD-002;R-TGR-001;R-TGR-002
00dfdd092a4a569a89b20da8de0adb77f3426994,TOOL_GRANT,R-SHL-001;R-NET-001;R-DST-001;R-PRV-001;R-PRV-003;R-TGR-001;R-TGR-002
002400d9852242415bdb8921a9341a87c34dccb7,NO_SIGNAL,
01a2dc21afb9af543bd797314a0aa6eb179be817,NO_SIGNAL,
00d3a82ff67fe00b448ee3d6d606168f2e92bb8e,NO_SIGNAL,
015a6c2792b83d944bf3f094647b534495740c91,NO_SIGNAL,
0038063c8b1c87c01c4e9ab24a449e8dfd70b62d,NO_SIGNAL,
008f9cbfe0876839b7193ce9305511e17f94283d,NO_SIGNAL,
008b1af727ed534f0bbe0ac4802d0b5c776a2656,NO_SIGNAL,
01a0327f7009f467f748bb02f01d87d900bc9a99,NO_SIGNAL,
00ba5a30b0e4c39f6bfb0f54a3be06eecdb80192,NO_SIGNAL,
000f71ab5ab3938d3de311c73cdf5c4980d2a6a5,NO_SIGNAL,
0199fe6fc3fa2577eb9217448692f339ad506640,NO_SIGNAL,
01221afa5a2cc3578315817beb7bdea77eaedf2b,NO_SIGNAL,
0092579ff10902b3112893536d800835ba2c213d,NO_SIGNAL,
012c901e0b47840fc8d5bf32a84804446bf6fa8d,NO_SIGNAL,
01b2be7e9119226afebc97e5f7a86fe3b287f22d,NO_SIGNAL,
00651b4b920babceb06e5e6ee418e3e0c7b2f838,NO_SIGNAL,
0128837ca203fbb82ff073907e14e8fcc4d7bdc8,NO_SIGNAL,
00f12a4b0059df2a8db77ac97905162e1aa64e19,NO_SIGNAL,
001fd1078abe50f09098a80e4597786bd3878ebc,NO_SIGNAL,
009ef91175e359217e23c207442750b06a864c9f,NO_SIGNAL,
00bb66a8ac61142ab63d215bac373ca14ebe2059,NO_SIGNAL,
01a092b2782d1165424a7fafdec29a32d8ac6a10,NO_SIGNAL,
011b368e35c0c7b0c35fc227426b20ea0c264de5,NO_SIGNAL,
00a7e44803603a7290ca43cfe02fb1b60d68de85,NO_SIGNAL,
0129bf04a1b23a0416b7e85a48c67f150c492195,NO_SIGNAL,
015c3f1dd78c1f2e307eeecf21291ae2a0bc6023,NO_SIGNAL,
01a9a7848043d0d2f720fed6dca2ba3c77015c7f,NO_SIGNAL,
0153ef63ee5cc1f987de1440607005def6b85178,NO_SIGNAL,
002ced0fc91358c066406eda5ff7a535acde06ab,NO_SIGNAL,
0019964e2744c5d406cfa00bdf47c4c04f0fc2ba,NO_SIGNAL,
00ebd6ab61b66f0e38607994a1bd118ef80d0ea3,NO_SIGNAL,
00891eaa4f662dffe326174d3b41edb66b860743,NO_SIGNAL,
00ccfa98c26e8bccbd1a6c26b5179a1089cf8e45,NO_SIGNAL,
0018067e73c2f62a9d18320d2ec6e12146306a02,NO_SIGNAL,
018fbe0079a3578589ea0d18323dfa1e36e9246a,NO_SIGNAL,
00bb386ab8e17d6124d9c8ec814079f37c728ae8,NO_SIGNAL,
00c38e57393674d37f805dcb70bc81816483a295,NO_SIGNAL,
0045d07b359fc7597a0aeb51d5a44e87b32dcff4,NO_SIGNAL,
00299f37c371e957b4ebacef4c8db96151273382,NO_SIGNAL,
00a14f3cef782493e39ff03c62c56715b886452a,NO_SIGNAL,
