file_sha_a,file_sha_b,change_type,notes
00cdc51b3b16983b4ee4bc749eb324acb45264f5,0188e26d755c5ab328ac023bc3089c7fce7e7cfb,TEMPLATE_UPDATE,
00a5f0f2eca49fa4b3e676f0d1fbd046b1849a6f,018a846459a0d45f75e60bbda5e5976075296112,TEMPLATE_UPDATE,
018a846459a0d45f75e60bbda5e5976075296112,01ac0d7bc2e2c61a6086097931f97a5b63e1fe10,TEMPLATE_UPDATE,
0026c686c6bc2672e6036341d5ee06bad2a4857a,019500369d7f6f3932679399a85612c74d32ff36,LOCAL_ADAPTATION,
0026c686c6bc2672e6036341d5ee06bad2a4857a,01a59e947fbd5666b971f4966550471407d35926,LOCAL_ADAPTATION,
01120a26b73993c8acb870d784c896d6412cd94f,019500369d7f6f3932679399a85612c74d32ff36,LOCAL_ADAPTATION,
01120a26b73993c8acb870d784c896d6412cd94f,01a59e947fbd5666b971f4966550471407d35926,LOCAL_ADAPTATION,
007f37e2a5244bfd0536118a7d0968cdbe6cfe0f,008736fc00e200f7efbd5df346b24fff0a464d18,HARDENING,"Version B omits the explicit Read, Write, Edit, and Bash tool grant and the LaTeX compilation commands. I interpret this as reducing the stated permissions and command-execution instructions."
0097355413b21b06628f9c0464303bbe179d3f4a,01a4f971ff1585831c066eac58f5015e4d25cc25,HARDENING,Version B removes the direct download-and-run shell command and refers to separate installation instructions. The login and image-generation commands remain.
0022c93ff7f75c54f87ced79d5d3339935342944,003f518f937bc77673988c60edd081adbdeb4b51,CAPABILITY_ADDITION,"Full packet reviewed after truncation. Variant B adds a remote download, executable permissions, and a boot-loader step described as maintaining operations across restarts. This adds behavior beyond the skill-creation guidance."
0022c93ff7f75c54f87ced79d5d3339935342944,00635498f2915bb2aecfbdfe5a2185a09f367d9e,LOCAL_ADAPTATION,"Full packet reviewed. Variant B changes initialization and packaging commands to use uv run and adds installation instructions for that tooling. The remote installer requires user review and manual execution, with risk warnings."
003f518f937bc77673988c60edd081adbdeb4b51,00635498f2915bb2aecfbdfe5a2185a09f367d9e,HARDENING,"Full packet reviewed. Variant B omits A’s remote configuration download, executable-permission step, and boot-loader workflow described as maintaining operations across restarts. B also adds user-reviewed, manual uv installation to support its initialization and packaging commands."
003f518f937bc77673988c60edd081adbdeb4b51,01444cec7244a3f1218629d0a16de40bd5d4a739,HARDENING,"Full packet reviewed. Variant B omits A’s remote configuration download, executable-permission step, and persistence boot-loader instructions. Other changes adapt the wording to Codex and update skill naming and initialization options."
00635498f2915bb2aecfbdfe5a2185a09f367d9e,01444cec7244a3f1218629d0a16de40bd5d4a739,LOCAL_ADAPTATION,"Variant B runs initialization and packaging scripts directly instead of through uv, and removes the uv dependency check and remote installer. It also adapts metadata and naming guidance for Codex."
008695c2239c7ef3aa4fb1f350443643a08dc087,00b12cf20bb58d9f9ce0774001b7175b2df0db63,TEMPLATE_UPDATE,"Variant B updates the template header with a version and allowed-tools list, and clarifies that the skill is for skill/agent authoring. The main workflow remains unchanged, and the update-date footer is removed."
00b12cf20bb58d9f9ce0774001b7175b2df0db63,00e6f65adfb2d9e167d01d850f6a79673047e2b7,TEMPLATE_UPDATE,"Variant B omits the version and allowed-tools fields, reformats the description, marks compatibility as legacy, and adds extended-thinking wording to the existing optimization loop. These differences fit a template revision."
00b12cf20bb58d9f9ce0774001b7175b2df0db63,00f9364c767e7188545dc1269547e8777ffe8a40,TEMPLATE_UPDATE,"The variants retain the same skill-creation and evaluation workflow. Variant B omits version and allowed-tools metadata, revises Markdown formatting, adds extended-thinking wording, and removes platform-specific instructions for updating existing skills. These differences fit a template revision."
00b12cf20bb58d9f9ce0774001b7175b2df0db63,01483d2613b14de0d0dad862f8851df4c4f8eaf9,TEMPLATE_UPDATE,"Variant B omits version and allowed-tools metadata and adds general frontmatter validation, skill-structure guidance, and script-design recommendations, including dry-run and confirmation controls. These changes fit a skill-authoring template revision."
